{"cameraMode":{"drawMode":0,"name":"Shaded","section":"Shading Mode"},"sceneLighting":false,"audioPlay":false,"sceneViewState":{"showFog":true,"showMaterialUpdate":false,"showSkybox":false,"showFlares":true,"showImageEffects":true,"showParticleSystems":true},"in2DMode":false,"pivot":{"x":0.0,"y":3.453080892562866,"z":-33.42781066894531},"rotation":{"x":0.02699684537947178,"y":0.0002963198348879814,"z":0.000008510636689607054,"w":-0.9996393918991089},"size":16.516067504882814,"orthographic":false}