{"cameraMode":{"drawMode":0,"name":"Shaded","section":"Shading Mode"},"sceneLighting":false,"audioPlay":false,"sceneViewState":{"showFog":true,"showMaterialUpdate":false,"showSkybox":false,"showFlares":true,"showImageEffects":true,"showParticleSystems":true},"in2DMode":false,"pivot":{"x":0.1647096872329712,"y":2.580463409423828,"z":-29.54535675048828},"rotation":{"x":-0.2572692930698395,"y":-0.07499684393405914,"z":0.020030997693538667,"w":-0.963222324848175},"size":7.293206214904785,"orthographic":false}