{"cameraMode":{"drawMode":0,"name":"Shaded","section":"Shading Mode"},"sceneLighting":true,"audioPlay":false,"sceneViewState":{"showFog":true,"showMaterialUpdate":false,"showSkybox":true,"showFlares":true,"showImageEffects":true,"showParticleSystems":true},"in2DMode":false,"pivot":{"x":-11.941816329956055,"y":-17.21918296813965,"z":23.948415756225587},"rotation":{"x":-0.28555646538734438,"y":0.2768527865409851,"z":-0.08655157685279846,"w":-0.9134118556976318},"size":51.11312484741211,"orthographic":false}